ReferenceArea,TimePeriod,Unitofmeasurement,Nature,Value,YearRange
World,2012,Percent,Not Available,12.7,2010-2014
World,2010,Percent,Not Available,16.3,2010-2014
World,2005,Percent,Not Available,20.9,2005-2009
World,2002,Percent,Not Available,26.3,2000-2004
Caucasus and Central Asia,2012,Percent,Not Available,11.6,2010-2014
Caucasus and Central Asia,2010,Percent,Not Available,15.2,2010-2014
Caucasus and Central Asia,2005,Percent,Not Available,26.5,2005-2009
Caucasus and Central Asia,2002,Percent,Not Available,33.4,2000-2004
Developing regions,2012,Percent,Not Available,15.4,2010-2014
Developing regions,2010,Percent,Not Available,19.9,2010-2014
Developing regions,2005,Percent,Not Available,26,2005-2009
Developing regions,2002,Percent,Not Available,33,2000-2004
Eastern Asia,2012,Percent,Not Available,6.5,2010-2014
Eastern Asia,2010,Percent,Not Available,11.2,2010-2014
Eastern Asia,2005,Percent,Not Available,18.7,2005-2009
Eastern Asia,2002,Percent,Not Available,31.9,2000-2004
Landlocked developing countries,2012,Percent,Not Available,30.5,2010-2014
Landlocked developing countries,2010,Percent,Not Available,35.4,2010-2014
Landlocked developing countries,2005,Percent,Not Available,41.9,2005-2009
Landlocked developing countries,2002,Percent,Not Available,48.6,2000-2004
Latin America and the Caribbean,2012,Percent,Not Available,5.6,2010-2014
Latin America and the Caribbean,2010,Percent,Not Available,6.5,2010-2014
Latin America and the Caribbean,2005,Percent,Not Available,10.8,2005-2009
Latin America and the Caribbean,2002,Percent,Not Available,13.2,2000-2004
Least developed countries,2012,Percent,Not Available,36.4,2010-2014
Least developed countries,2010,Percent,Not Available,40.6,2010-2014
Least developed countries,2005,Percent,Not Available,46.1,2005-2009
Least developed countries,2002,Percent,Not Available,51.3,2000-2004
Northern Africa,2012,Percent,Not Available,1.7,2010-2014
Northern Africa,2010,Percent,Not Available,2.1,2010-2014
Northern Africa,2005,Percent,Not Available,3.9,2005-2009
Northern Africa,2002,Percent,Not Available,5.3,2000-2004
Oceania,2012,Percent,Not Available,29.7,2010-2014
Oceania,2010,Percent,Not Available,35.2,2010-2014
Oceania,2005,Percent,Not Available,44.9,2005-2009
Oceania,2002,Percent,Not Available,47.9,2000-2004
Small island developing States,2012,Percent,Not Available,25,2010-2014
Small island developing States,2010,Percent,Not Available,27.2,2010-2014
Small island developing States,2005,Percent,Not Available,30.2,2005-2009
Small island developing States,2002,Percent,Not Available,30.2,2000-2004
South-eastern Asia,2012,Percent,Not Available,8.3,2010-2014
South-eastern Asia,2010,Percent,Not Available,10.4,2010-2014
South-eastern Asia,2005,Percent,Not Available,17,2005-2009
South-eastern Asia,2002,Percent,Not Available,20.6,2000-2004
Southern Asia,2012,Percent,Not Available,15.4,2010-2014
Southern Asia,2010,Percent,Not Available,23.3,2010-2014
Southern Asia,2005,Percent,Not Available,30.4,2005-2009
Southern Asia,2002,Percent,Not Available,35.9,2000-2004
Sub-Saharan Africa,2012,Percent,Not Available,42.6,2010-2014
Sub-Saharan Africa,2010,Percent,Not Available,46.1,2010-2014
Sub-Saharan Africa,2005,Percent,Not Available,50.8,2005-2009
Sub-Saharan Africa,2002,Percent,Not Available,57.3,2000-2004
Albania,2012,Percent,Global monitoring data,1.06,2010-2014
Albania,2008,Percent,Global monitoring data,0.37,2005-2009
Albania,2005,Percent,Global monitoring data,1.12,2005-2009
Albania,2002,Percent,Global monitoring data,2.22,2000-2004
Albania,1996,Percent,Global monitoring data,1.1,1995-1999
Angola,2008,Percent,Global monitoring data,30.13,2005-2009
Angola,2000,Percent,Global monitoring data,32.28,2000-2004
Argentina,2013,Percent,Global monitoring data,1.75,2010-2014
Argentina,2012,Percent,Global monitoring data,1.63,2010-2014
Argentina,2011,Percent,Global monitoring data,1.53,2010-2014
Argentina,2010,Percent,Global monitoring data,2.05,2010-2014
Argentina,2009,Percent,Global monitoring data,3.05,2005-2009
Argentina,2008,Percent,Global monitoring data,2.97,2005-2009
Argentina,2007,Percent,Global monitoring data,3.49,2005-2009
Argentina,2006,Percent,Global monitoring data,4.12,2005-2009
Argentina,2005,Percent,Global monitoring data,5.37,2005-2009
Argentina,2004,Percent,Global monitoring data,7.09,2000-2004
Argentina,2003,Percent,Global monitoring data,9.79,2000-2004
Argentina,2002,Percent,Global monitoring data,13.99,2000-2004
Argentina,2001,Percent,Global monitoring data,9.42,2000-2004
Argentina,2000,Percent,Global monitoring data,5.7,2000-2004
Argentina,1999,Percent,Global monitoring data,4.78,1995-1999
Argentina,1998,Percent,Global monitoring data,4.59,1995-1999
Argentina,1997,Percent,Global monitoring data,4.14,1995-1999
Argentina,1996,Percent,Global monitoring data,4.63,1995-1999
Argentina,1995,Percent,Global monitoring data,4.11,1995-1999
Argentina,1994,Percent,Global monitoring data,2.28,1990-1994
Argentina,1993,Percent,Global monitoring data,2.42,1990-1994
Argentina,1992,Percent,Global monitoring data,2.05,1990-1994
Argentina,1991,Percent,Global monitoring data,1.1,1990-1994
Armenia,2013,Percent,Global monitoring data,2.44,2010-2014
Armenia,2012,Percent,Global monitoring data,1.74,2010-2014
Armenia,2011,Percent,Global monitoring data,2.7,2010-2014
Armenia,2010,Percent,Global monitoring data,2.54,2010-2014
Armenia,2009,Percent,Global monitoring data,1.59,2005-2009
Armenia,2008,Percent,Global monitoring data,1.49,2005-2009
Armenia,2007,Percent,Global monitoring data,3.57,2005-2009
Armenia,2006,Percent,Global monitoring data,3.3,2005-2009
Armenia,2005,Percent,Global monitoring data,4.45,2005-2009
Armenia,2004,Percent,Global monitoring data,7.93,2000-2004
Armenia,2003,Percent,Global monitoring data,11.36,2000-2004
Armenia,2002,Percent,Global monitoring data,15.06,2000-2004
Armenia,2001,Percent,Global monitoring data,19.33,2000-2004
Armenia,1999,Percent,Global monitoring data,16.88,1995-1999
Armenia,1996,Percent,Global monitoring data,17.9,1995-1999
Azerbaijan,2005,Percent,Global monitoring data,0,2005-2009
Azerbaijan,2004,Percent,Global monitoring data,0,2000-2004
Azerbaijan,2003,Percent,Global monitoring data,0,2000-2004
Azerbaijan,2002,Percent,Global monitoring data,0,2000-2004
Azerbaijan,2001,Percent,Global monitoring data,2.71,2000-2004
Azerbaijan,1995,Percent,Global monitoring data,7.32,1995-1999
Bangladesh,2010,Percent,Global monitoring data,43.65,2010-2014
Bangladesh,2005,Percent,Global monitoring data,51.58,2005-2009
Bangladesh,2000,Percent,Global monitoring data,59.97,2000-2004
Bangladesh,1995,Percent,Global monitoring data,63.45,1995-1999
Bangladesh,1991,Percent,Global monitoring data,72.24,1990-1994
Belarus,2012,Percent,Global monitoring data,0,2010-2014
Belarus,2011,Percent,Global monitoring data,0,2010-2014
Belarus,2010,Percent,Global monitoring data,0,2010-2014
Belarus,2009,Percent,Global monitoring data,0.03,2005-2009
Belarus,2008,Percent,Global monitoring data,0,2005-2009
Belarus,2007,Percent,Global monitoring data,0,2005-2009
Belarus,2006,Percent,Global monitoring data,0.11,2005-2009
Belarus,2005,Percent,Global monitoring data,0.36,2005-2009
Belarus,2004,Percent,Global monitoring data,0.32,2000-2004
Belarus,2003,Percent,Global monitoring data,1.49,2000-2004
Belarus,2002,Percent,Global monitoring data,1.98,2000-2004
Belarus,2001,Percent,Global monitoring data,1.12,2000-2004
Belarus,2000,Percent,Global monitoring data,1.99,2000-2004
Belarus,1999,Percent,Global monitoring data,2.71,1995-1999
Belarus,1998,Percent,Global monitoring data,3.2,1995-1999
Belarus,1995,Percent,Global monitoring data,0.7,1995-1999
Belarus,1993,Percent,Global monitoring data,0.09,1990-1994
Belize,1999,Percent,Global monitoring data,13.92,1995-1999
Belize,1998,Percent,Global monitoring data,14.35,1995-1999
Belize,1997,Percent,Global monitoring data,16.45,1995-1999
Belize,1996,Percent,Global monitoring data,13.31,1995-1999
Belize,1995,Percent,Global monitoring data,12.29,1995-1999
Belize,1994,Percent,Global monitoring data,9.88,1990-1994
Belize,1993,Percent,Global monitoring data,10.09,1990-1994
Benin,2011,Percent,Global monitoring data,53.11,2010-2014
Benin,2003,Percent,Global monitoring data,48.85,2000-2004
Bhutan,2012,Percent,Global monitoring data,2.2,2010-2014
Bhutan,2007,Percent,Global monitoring data,7.95,2005-2009
Bhutan,2003,Percent,Global monitoring data,24.86,2000-2004
Bolivia (Plurinational State of),2013,Percent,Global monitoring data,7.7,2010-2014
Bolivia (Plurinational State of),2012,Percent,Global monitoring data,9.07,2010-2014
Bolivia (Plurinational State of),2011,Percent,Global monitoring data,7.96,2010-2014
Bolivia (Plurinational State of),2009,Percent,Global monitoring data,11.92,2005-2009
Bolivia (Plurinational State of),2008,Percent,Global monitoring data,11.91,2005-2009
Bolivia (Plurinational State of),2007,Percent,Global monitoring data,13.9,2005-2009
Bolivia (Plurinational State of),2006,Percent,Global monitoring data,17.9,2005-2009
Bolivia (Plurinational State of),2005,Percent,Global monitoring data,20.38,2005-2009
Bolivia (Plurinational State of),2004,Percent,Global monitoring data,13.66,2000-2004
Bolivia (Plurinational State of),2002,Percent,Global monitoring data,24.93,2000-2004
Bolivia (Plurinational State of),2001,Percent,Global monitoring data,23.67,2000-2004
Bolivia (Plurinational State of),2000,Percent,Global monitoring data,29.67,2000-2004
Bolivia (Plurinational State of),1999,Percent,Global monitoring data,25.3,1995-1999
Bolivia (Plurinational State of),1997,Percent,Global monitoring data,19.25,1995-1999
Bolivia (Plurinational State of),1993,Percent,Global monitoring data,18.13,1990-1994
Bolivia (Plurinational State of),1990,Percent,Global monitoring data,8.2,1990-1994
Bosnia and Herzegovina,2007,Percent,Global monitoring data,0.06,2005-2009
Bosnia and Herzegovina,2004,Percent,Global monitoring data,0.18,2000-2004
Bosnia and Herzegovina,2001,Percent,Global monitoring data,0.25,2000-2004
Botswana,2009,Percent,Global monitoring data,18.24,2005-2009
Botswana,2002,Percent,Global monitoring data,29.75,2000-2004
Botswana,1993,Percent,Global monitoring data,34.82,1990-1994
Brazil,2013,Percent,Global monitoring data,4.87,2010-2014
Brazil,2012,Percent,Global monitoring data,4.59,2010-2014
Brazil,2011,Percent,Global monitoring data,5.5,2010-2014
Brazil,2009,Percent,Global monitoring data,6.18,2005-2009
Brazil,2008,Percent,Global monitoring data,6.29,2005-2009
Brazil,2007,Percent,Global monitoring data,7.6,2005-2009
Brazil,2006,Percent,Global monitoring data,7.94,2005-2009
Brazil,2005,Percent,Global monitoring data,9.55,2005-2009
Brazil,2004,Percent,Global monitoring data,11.04,2000-2004
Brazil,2003,Percent,Global monitoring data,12.71,2000-2004
Brazil,2002,Percent,Global monitoring data,12.31,2000-2004
Brazil,2001,Percent,Global monitoring data,13.62,2000-2004
Brazil,1999,Percent,Global monitoring data,13.36,1995-1999
Brazil,1998,Percent,Global monitoring data,12.71,1995-1999
Brazil,1997,Percent,Global monitoring data,13.99,1995-1999
Brazil,1996,Percent,Global monitoring data,14.17,1995-1999
Brazil,1995,Percent,Global monitoring data,12.99,1995-1999
Brazil,1993,Percent,Global monitoring data,19.92,1990-1994
Brazil,1992,Percent,Global monitoring data,20.76,1990-1994
Brazil,1990,Percent,Global monitoring data,20.56,1990-1994
Bulgaria,2012,Percent,Global monitoring data,2.03,2010-2014
Bulgaria,2011,Percent,Global monitoring data,2.19,2010-2014
Bulgaria,2010,Percent,Global monitoring data,1.93,2010-2014
Bulgaria,2009,Percent,Global monitoring data,1.15,2005-2009
Bulgaria,2008,Percent,Global monitoring data,1.18,2005-2009
Bulgaria,2007,Percent,Global monitoring data,0.42,2005-2009
Bulgaria,2006,Percent,Global monitoring data,5.42,2005-2009
Bulgaria,2003,Percent,Global monitoring data,0.88,2000-2004
Bulgaria,2001,Percent,Global monitoring data,2,2000-2004
Bulgaria,1997,Percent,Global monitoring data,0.45,1995-1999
Bulgaria,1995,Percent,Global monitoring data,1.23,1995-1999
Bulgaria,1994,Percent,Global monitoring data,0.24,1990-1994
Bulgaria,1992,Percent,Global monitoring data,0,1990-1994
Burkina Faso,2009,Percent,Global monitoring data,55.29,2005-2009
Burkina Faso,2003,Percent,Global monitoring data,57.26,2000-2004
Burkina Faso,1998,Percent,Global monitoring data,81.61,1995-1999
Burkina Faso,1994,Percent,Global monitoring data,83.06,1990-1994
Burundi,2006,Percent,Global monitoring data,77.65,2005-2009
Burundi,1998,Percent,Global monitoring data,84.12,1995-1999
Burundi,1992,Percent,Global monitoring data,81.12,1990-1994
Cabo Verde,2007,Percent,Global monitoring data,17.57,2005-2009
Cabo Verde,2001,Percent,Global monitoring data,28.16,2000-2004
Cambodia,2012,Percent,Global monitoring data,6.15,2010-2014
Cambodia,2011,Percent,Global monitoring data,8.94,2010-2014
Cambodia,2010,Percent,Global monitoring data,9.97,2010-2014
Cambodia,2009,Percent,Global monitoring data,11.72,2005-2009
Cambodia,2008,Percent,Global monitoring data,19.5,2005-2009
Cambodia,2007,Percent,Global monitoring data,29.4,2005-2009
Cambodia,2004,Percent,Global monitoring data,31.95,2000-2004
Cambodia,1994,Percent,Global monitoring data,47.05,1990-1994
Cameroon,2007,Percent,Global monitoring data,29.27,2005-2009
Cameroon,2001,Percent,Global monitoring data,23.12,2000-2004
Cameroon,1996,Percent,Global monitoring data,48.08,1995-1999
Central African Republic,2008,Percent,Global monitoring data,66.27,2005-2009
Central African Republic,2003,Percent,Global monitoring data,64.77,2000-2004
Central African Republic,1992,Percent,Global monitoring data,84.27,1990-1994
Chad,2011,Percent,Global monitoring data,38.43,2010-2014
Chad,2003,Percent,Global monitoring data,62.94,2000-2004
Chile,2013,Percent,Global monitoring data,0.92,2010-2014
Chile,2011,Percent,Global monitoring data,1.3,2010-2014
Chile,2009,Percent,Global monitoring data,1.72,2005-2009
Chile,2006,Percent,Global monitoring data,1.66,2005-2009
Chile,2003,Percent,Global monitoring data,2.61,2000-2004
Chile,2000,Percent,Global monitoring data,3.11,2000-2004
Chile,1998,Percent,Global monitoring data,3.48,1995-1999
Chile,1996,Percent,Global monitoring data,3.35,1995-1999
Chile,1994,Percent,Global monitoring data,4.87,1990-1994
Chile,1992,Percent,Global monitoring data,4.57,1990-1994
Chile,1990,Percent,Global monitoring data,7.92,1990-1994
China,2010,Percent,Global monitoring data,11.18,2010-2014
China,2008,Percent,Global monitoring data,14.65,2005-2009
China,2005,Percent,Global monitoring data,18.75,2005-2009
China,2002,Percent,Global monitoring data,31.95,2000-2004
China,1999,Percent,Global monitoring data,40.54,1995-1999
China,1996,Percent,Global monitoring data,42.05,1995-1999
China,1993,Percent,Global monitoring data,57,1990-1994
China,1990,Percent,Global monitoring data,66.58,1990-1994
Colombia,2013,Percent,Global monitoring data,6.12,2010-2014
Colombia,2012,Percent,Global monitoring data,7.09,2010-2014
Colombia,2011,Percent,Global monitoring data,6.58,2010-2014
Colombia,2010,Percent,Global monitoring data,8.06,2010-2014
Colombia,2009,Percent,Global monitoring data,9.28,2005-2009
Colombia,2008,Percent,Global monitoring data,10.71,2005-2009
Colombia,2007,Percent,Global monitoring data,17.39,2005-2009
Colombia,2006,Percent,Global monitoring data,20.71,2005-2009
Colombia,2005,Percent,Global monitoring data,10.4,2005-2009
Colombia,2004,Percent,Global monitoring data,11.79,2000-2004
Colombia,2003,Percent,Global monitoring data,12.8,2000-2004
Colombia,2002,Percent,Global monitoring data,14.66,2000-2004
Colombia,2001,Percent,Global monitoring data,20.77,2000-2004
Colombia,2000,Percent,Global monitoring data,15.87,2000-2004
Colombia,1999,Percent,Global monitoring data,19.21,1995-1999
Colombia,1996,Percent,Global monitoring data,15.23,1995-1999
Colombia,1992,Percent,Global monitoring data,8.05,1990-1994
Colombia,1991,Percent,Global monitoring data,10.37,1990-1994
Comoros,2004,Percent,Global monitoring data,13.47,2000-2004
Congo,2011,Percent,Global monitoring data,28.71,2010-2014
Congo,2005,Percent,Global monitoring data,50.22,2005-2009
Costa Rica,2013,Percent,Global monitoring data,1.68,2010-2014
Costa Rica,2012,Percent,Global monitoring data,1.72,2010-2014
Costa Rica,2011,Percent,Global monitoring data,1.75,2010-2014
Costa Rica,2010,Percent,Global monitoring data,1.61,2010-2014
Costa Rica,2009,Percent,Global monitoring data,3.33,2005-2009
Costa Rica,2008,Percent,Global monitoring data,2.71,2005-2009
Costa Rica,2007,Percent,Global monitoring data,2.4,2005-2009
Costa Rica,2006,Percent,Global monitoring data,4.37,2005-2009
Costa Rica,2005,Percent,Global monitoring data,4.37,2005-2009
Costa Rica,2004,Percent,Global monitoring data,5.59,2000-2004
Costa Rica,2003,Percent,Global monitoring data,6.11,2000-2004
Costa Rica,2002,Percent,Global monitoring data,6.34,2000-2004
Costa Rica,2001,Percent,Global monitoring data,6.54,2000-2004
Costa Rica,2000,Percent,Global monitoring data,6.48,2000-2004
Costa Rica,1999,Percent,Global monitoring data,6.37,1995-1999
Costa Rica,1998,Percent,Global monitoring data,5.06,1995-1999
Costa Rica,1997,Percent,Global monitoring data,6.47,1995-1999
Costa Rica,1996,Percent,Global monitoring data,7.96,1995-1999
Costa Rica,1995,Percent,Global monitoring data,6.94,1995-1999
Costa Rica,1994,Percent,Global monitoring data,6.65,1990-1994
Costa Rica,1993,Percent,Global monitoring data,8.01,1990-1994
Costa Rica,1992,Percent,Global monitoring data,9.64,1990-1994
Costa Rica,1991,Percent,Global monitoring data,11.66,1990-1994
Costa Rica,1990,Percent,Global monitoring data,9.92,1990-1994
CÌ«te d'Ivoire,2008,Percent,Global monitoring data,29.02,2005-2009
CÌ«te d'Ivoire,2002,Percent,Global monitoring data,23.03,2000-2004
CÌ«te d'Ivoire,1998,Percent,Global monitoring data,25.66,1995-1999
CÌ«te d'Ivoire,1995,Percent,Global monitoring data,19.11,1995-1999
CÌ«te d'Ivoire,1993,Percent,Global monitoring data,19.22,1990-1994
CÌ«te d'Ivoire,1992,Percent,Global monitoring data,21.58,1990-1994
Croatia,2011,Percent,Global monitoring data,0.85,2010-2014
Croatia,2010,Percent,Global monitoring data,0,2010-2014
Croatia,2009,Percent,Global monitoring data,0.03,2005-2009
Croatia,2008,Percent,Global monitoring data,0,2005-2009
Croatia,2004,Percent,Global monitoring data,0,2000-2004
Croatia,2001,Percent,Global monitoring data,0.09,2000-2004
Croatia,2000,Percent,Global monitoring data,0.09,2000-2004
Croatia,1999,Percent,Global monitoring data,0.24,1995-1999
Croatia,1998,Percent,Global monitoring data,0,1995-1999
Czech Republic,2012,Percent,Global monitoring data,0.06,2010-2014
Czech Republic,2011,Percent,Global monitoring data,0.05,2010-2014
Czech Republic,2010,Percent,Global monitoring data,0.04,2010-2014
Czech Republic,2009,Percent,Global monitoring data,0.07,2005-2009
Czech Republic,2008,Percent,Global monitoring data,0.04,2005-2009
Czech Republic,2007,Percent,Global monitoring data,0.12,2005-2009
Czech Republic,2006,Percent,Global monitoring data,0.07,2005-2009
Czech Republic,2005,Percent,Global monitoring data,0,2005-2009
Czech Republic,2004,Percent,Global monitoring data,0,2000-2004
Czech Republic,1996,Percent,Global monitoring data,0.15,1995-1999
Czech Republic,1993,Percent,Global monitoring data,0.02,1990-1994
Democratic Republic of the Congo,2012,Percent,Global monitoring data,77.18,2010-2014
Democratic Republic of the Congo,2004,Percent,Global monitoring data,91.21,2000-2004
Djibouti,2012,Percent,Global monitoring data,18.32,2010-2014
Djibouti,2002,Percent,Global monitoring data,20.63,2000-2004
Dominican Republic,2013,Percent,Global monitoring data,2.32,2010-2014
Dominican Republic,2012,Percent,Global monitoring data,2.59,2010-2014
Dominican Republic,2011,Percent,Global monitoring data,2.9,2010-2014
Dominican Republic,2010,Percent,Global monitoring data,2.61,2010-2014
Dominican Republic,2009,Percent,Global monitoring data,3.26,2005-2009
Dominican Republic,2008,Percent,Global monitoring data,3.76,2005-2009
Dominican Republic,2007,Percent,Global monitoring data,4.34,2005-2009
Dominican Republic,2006,Percent,Global monitoring data,4.55,2005-2009
Dominican Republic,2005,Percent,Global monitoring data,5.84,2005-2009
Dominican Republic,2004,Percent,Global monitoring data,8.62,2000-2004
Dominican Republic,2003,Percent,Global monitoring data,6.79,2000-2004
Dominican Republic,2002,Percent,Global monitoring data,5.84,2000-2004
Dominican Republic,2001,Percent,Global monitoring data,4.17,2000-2004
Dominican Republic,2000,Percent,Global monitoring data,5.46,2000-2004
Dominican Republic,1997,Percent,Global monitoring data,5.18,1995-1999
Dominican Republic,1996,Percent,Global monitoring data,4.93,1995-1999
Dominican Republic,1992,Percent,Global monitoring data,5.02,1990-1994
Ecuador,2013,Percent,Global monitoring data,4.43,2010-2014
Ecuador,2012,Percent,Global monitoring data,5.87,2010-2014
Ecuador,2011,Percent,Global monitoring data,5.86,2010-2014
Ecuador,2010,Percent,Global monitoring data,7.05,2010-2014
Ecuador,2009,Percent,Global monitoring data,8.92,2005-2009
Ecuador,2008,Percent,Global monitoring data,8.96,2005-2009
Ecuador,2007,Percent,Global monitoring data,10.06,2005-2009
Ecuador,2006,Percent,Global monitoring data,9.31,2005-2009
Ecuador,2005,Percent,Global monitoring data,13.6,2005-2009
Ecuador,2004,Percent,Global monitoring data,15.2,2000-2004
Ecuador,2003,Percent,Global monitoring data,16.94,2000-2004
Ecuador,2000,Percent,Global monitoring data,28.15,2000-2004
Ecuador,1999,Percent,Global monitoring data,21.82,1995-1999
Ecuador,1998,Percent,Global monitoring data,15.66,1995-1999
Ecuador,1995,Percent,Global monitoring data,19.52,1995-1999
Ecuador,1994,Percent,Global monitoring data,17.13,1990-1994
El Salvador,2013,Percent,Global monitoring data,3.25,2010-2014
El Salvador,2012,Percent,Global monitoring data,4.16,2010-2014
El Salvador,2011,Percent,Global monitoring data,4.53,2010-2014
El Salvador,2010,Percent,Global monitoring data,7.24,2010-2014
El Salvador,2009,Percent,Global monitoring data,6.4,2005-2009
El Salvador,2008,Percent,Global monitoring data,6.92,2005-2009
El Salvador,2007,Percent,Global monitoring data,4.49,2005-2009
El Salvador,2006,Percent,Global monitoring data,6.36,2005-2009
El Salvador,2005,Percent,Global monitoring data,9.55,2005-2009
El Salvador,2004,Percent,Global monitoring data,9.95,2000-2004
El Salvador,2003,Percent,Global monitoring data,15.76,2000-2004
El Salvador,2002,Percent,Global monitoring data,13.08,2000-2004
El Salvador,2001,Percent,Global monitoring data,12.73,2000-2004
El Salvador,2000,Percent,Global monitoring data,11.81,2000-2004
El Salvador,1999,Percent,Global monitoring data,16.27,1995-1999
El Salvador,1998,Percent,Global monitoring data,20.02,1995-1999
El Salvador,1996,Percent,Global monitoring data,21.95,1995-1999
El Salvador,1995,Percent,Global monitoring data,19.87,1995-1999
El Salvador,1991,Percent,Global monitoring data,20.65,1990-1994
Estonia,2012,Percent,Global monitoring data,0.99,2010-2014
Estonia,2011,Percent,Global monitoring data,1.21,2010-2014
Estonia,2010,Percent,Global monitoring data,0.92,2010-2014
Estonia,2009,Percent,Global monitoring data,0.73,2005-2009
Estonia,2008,Percent,Global monitoring data,0.5,2005-2009
Estonia,2007,Percent,Global monitoring data,0.52,2005-2009
Estonia,2006,Percent,Global monitoring data,0.87,2005-2009
Estonia,2005,Percent,Global monitoring data,0.96,2005-2009
Estonia,2004,Percent,Global monitoring data,0.54,2000-2004
Estonia,2003,Percent,Global monitoring data,1.14,2000-2004
Estonia,2002,Percent,Global monitoring data,1.32,2000-2004
Estonia,2001,Percent,Global monitoring data,1.17,2000-2004
Estonia,2000,Percent,Global monitoring data,1.37,2000-2004
Estonia,1998,Percent,Global monitoring data,0.15,1995-1999
Estonia,1995,Percent,Global monitoring data,0.57,1995-1999
Estonia,1993,Percent,Global monitoring data,1.32,1990-1994
Ethiopia,2010,Percent,Global monitoring data,33.54,2010-2014
Ethiopia,2004,Percent,Global monitoring data,36.31,2000-2004
Ethiopia,1999,Percent,Global monitoring data,55.25,1995-1999
Ethiopia,1995,Percent,Global monitoring data,67.9,1995-1999
Fiji,2008,Percent,Global monitoring data,3.6,2005-2009
Fiji,2002,Percent,Global monitoring data,5.05,2000-2004
Gabon,2005,Percent,Global monitoring data,7.97,2005-2009
Gambia,2003,Percent,Global monitoring data,45.29,2000-2004
Gambia,1998,Percent,Global monitoring data,73.8,1995-1999
Georgia,2013,Percent,Global monitoring data,11.49,2010-2014
Georgia,2012,Percent,Global monitoring data,15.49,2010-2014
Georgia,2011,Percent,Global monitoring data,17.79,2010-2014
Georgia,2010,Percent,Global monitoring data,19.58,2010-2014
Georgia,2009,Percent,Global monitoring data,15.43,2005-2009
Georgia,2008,Percent,Global monitoring data,15.47,2005-2009
Georgia,2007,Percent,Global monitoring data,16.3,2005-2009
Georgia,2006,Percent,Global monitoring data,15.25,2005-2009
Georgia,2005,Percent,Global monitoring data,16.22,2005-2009
Georgia,2004,Percent,Global monitoring data,16.81,2000-2004
Georgia,2003,Percent,Global monitoring data,17.4,2000-2004
Georgia,2002,Percent,Global monitoring data,15.6,2000-2004
Georgia,2001,Percent,Global monitoring data,19.36,2000-2004
Georgia,2000,Percent,Global monitoring data,19.43,2000-2004
Georgia,1999,Percent,Global monitoring data,18.74,1995-1999
Georgia,1998,Percent,Global monitoring data,14.63,1995-1999
Georgia,1997,Percent,Global monitoring data,16.37,1995-1999
Georgia,1996,Percent,Global monitoring data,5.45,1995-1999
Ghana,2005,Percent,Global monitoring data,25.15,2005-2009
Ghana,1998,Percent,Global monitoring data,33.9,1995-1999
Ghana,1991,Percent,Global monitoring data,47.38,1990-1994
Guatemala,2011,Percent,Global monitoring data,11.53,2010-2014
Guatemala,2006,Percent,Global monitoring data,11.51,2005-2009
Guatemala,2004,Percent,Global monitoring data,14.45,2000-2004
Guatemala,2003,Percent,Global monitoring data,16.51,2000-2004
Guatemala,2002,Percent,Global monitoring data,18.37,2000-2004
Guatemala,2000,Percent,Global monitoring data,10.1,2000-2004
Guatemala,1998,Percent,Global monitoring data,13.18,1995-1999
Guinea,2012,Percent,Global monitoring data,35.27,2010-2014
Guinea,2007,Percent,Global monitoring data,59.7,2005-2009
Guinea,2002,Percent,Global monitoring data,61.6,2000-2004
Guinea,1994,Percent,Global monitoring data,48.54,1990-1994
Guinea,1991,Percent,Global monitoring data,92.31,1990-1994
Guinea-Bissau,2010,Percent,Global monitoring data,67.08,2010-2014
Guinea-Bissau,2002,Percent,Global monitoring data,53.87,2000-2004
Guinea-Bissau,1993,Percent,Global monitoring data,64.02,1990-1994
Guinea-Bissau,1991,Percent,Global monitoring data,42.96,1990-1994
Guyana,1998,Percent,Global monitoring data,14,1995-1999
Guyana,1992,Percent,Global monitoring data,33.19,1990-1994
Haiti,2012,Percent,Global monitoring data,53.91,2010-2014
Haiti,2001,Percent,Global monitoring data,55.59,2000-2004
Honduras,2013,Percent,Global monitoring data,18.93,2010-2014
Honduras,2012,Percent,Global monitoring data,21.36,2010-2014
Honduras,2011,Percent,Global monitoring data,18.75,2010-2014
Honduras,2010,Percent,Global monitoring data,15.47,2010-2014
Honduras,2009,Percent,Global monitoring data,14.05,2005-2009
Honduras,2008,Percent,Global monitoring data,16.14,2005-2009
Honduras,2007,Percent,Global monitoring data,17.43,2005-2009
Honduras,2006,Percent,Global monitoring data,23.79,2005-2009
Honduras,2005,Percent,Global monitoring data,27.79,2005-2009
Honduras,2004,Percent,Global monitoring data,26.32,2000-2004
Honduras,2003,Percent,Global monitoring data,27.47,2000-2004
Honduras,2002,Percent,Global monitoring data,29.06,2000-2004
Honduras,2001,Percent,Global monitoring data,18.28,2000-2004
Honduras,1999,Percent,Global monitoring data,26.45,1995-1999
Honduras,1998,Percent,Global monitoring data,25.93,1995-1999
Honduras,1997,Percent,Global monitoring data,21.24,1995-1999
Honduras,1996,Percent,Global monitoring data,30.35,1995-1999
Honduras,1995,Percent,Global monitoring data,27.68,1995-1999
Honduras,1994,Percent,Global monitoring data,26.7,1990-1994
Honduras,1993,Percent,Global monitoring data,23.61,1990-1994
Honduras,1992,Percent,Global monitoring data,28.67,1990-1994
Honduras,1991,Percent,Global monitoring data,33.41,1990-1994
Honduras,1990,Percent,Global monitoring data,44.33,1990-1994
Hungary,2012,Percent,Global monitoring data,0.26,2010-2014
Hungary,2011,Percent,Global monitoring data,0.13,2010-2014
Hungary,2010,Percent,Global monitoring data,0.08,2010-2014
Hungary,2009,Percent,Global monitoring data,0.07,2005-2009
Hungary,2008,Percent,Global monitoring data,0.03,2005-2009
Hungary,2007,Percent,Global monitoring data,0,2005-2009
Hungary,2006,Percent,Global monitoring data,0.14,2005-2009
Hungary,2005,Percent,Global monitoring data,0,2005-2009
Hungary,2004,Percent,Global monitoring data,0,2000-2004
Hungary,2003,Percent,Global monitoring data,0.02,2000-2004
Hungary,2002,Percent,Global monitoring data,0,2000-2004
Hungary,2001,Percent,Global monitoring data,0,2000-2004
Hungary,2000,Percent,Global monitoring data,0,2000-2004
Hungary,1999,Percent,Global monitoring data,0.03,1995-1999
Hungary,1998,Percent,Global monitoring data,0.04,1995-1999
Hungary,1993,Percent,Global monitoring data,0.17,1990-1994
India,2011,Percent,Global monitoring data,21.25,2010-2014
India,2009,Percent,Global monitoring data,31.43,2005-2009
India,2004,Percent,Global monitoring data,38.4,2000-2004
India,1993,Percent,Global monitoring data,46.06,1990-1994
Indonesia,2010,Percent,Global monitoring data,15.9,2010-2014
Indonesia,2008,Percent,Global monitoring data,21.29,2005-2009
Indonesia,2005,Percent,Global monitoring data,21.63,2005-2009
Indonesia,2002,Percent,Global monitoring data,23.4,2000-2004
Indonesia,1999,Percent,Global monitoring data,39.99,1995-1999
Indonesia,1996,Percent,Global monitoring data,45.89,1995-1999
Indonesia,1993,Percent,Global monitoring data,57.06,1990-1994
Indonesia,1990,Percent,Global monitoring data,57.29,1990-1994
Iran (Islamic Republic of),2013,Percent,Global monitoring data,0.08,2010-2014
Iran (Islamic Republic of),2009,Percent,Global monitoring data,0.26,2005-2009
Iran (Islamic Republic of),2005,Percent,Global monitoring data,2.61,2005-2009
Iran (Islamic Republic of),1998,Percent,Global monitoring data,2.21,1995-1999
Iran (Islamic Republic of),1994,Percent,Global monitoring data,2.28,1990-1994
Iran (Islamic Republic of),1990,Percent,Global monitoring data,5.32,1990-1994
Jamaica,2004,Percent,Global monitoring data,1.7,2000-2004
Jamaica,2002,Percent,Global monitoring data,2.75,2000-2004
Jamaica,1999,Percent,Global monitoring data,2.61,1995-1999
Jamaica,1996,Percent,Global monitoring data,3.43,1995-1999
Jamaica,1993,Percent,Global monitoring data,9.83,1990-1994
Jamaica,1990,Percent,Global monitoring data,4.57,1990-1994
Jordan,2010,Percent,Global monitoring data,0.13,2010-2014
Jordan,2008,Percent,Global monitoring data,0.13,2005-2009
Jordan,2006,Percent,Global monitoring data,0.31,2005-2009
Jordan,2002,Percent,Global monitoring data,1.03,2000-2004
Jordan,1997,Percent,Global monitoring data,1.45,1995-1999
Jordan,1992,Percent,Global monitoring data,4.08,1990-1994
Kazakhstan,2013,Percent,Global monitoring data,0.04,2010-2014
Kazakhstan,2012,Percent,Global monitoring data,0.06,2010-2014
Kazakhstan,2011,Percent,Global monitoring data,0.03,2010-2014
Kazakhstan,2010,Percent,Global monitoring data,0.12,2010-2014
Kazakhstan,2009,Percent,Global monitoring data,0.17,2005-2009
Kazakhstan,2008,Percent,Global monitoring data,0.13,2005-2009
Kazakhstan,2007,Percent,Global monitoring data,0.53,2005-2009
Kazakhstan,2006,Percent,Global monitoring data,0.62,2005-2009
Kazakhstan,2005,Percent,Global monitoring data,0.21,2005-2009
Kazakhstan,2004,Percent,Global monitoring data,2.92,2000-2004
Kazakhstan,2003,Percent,Global monitoring data,4.14,2000-2004
Kazakhstan,2002,Percent,Global monitoring data,6.47,2000-2004
Kazakhstan,2001,Percent,Global monitoring data,10.1,2000-2004
Kazakhstan,1996,Percent,Global monitoring data,6.33,1995-1999
Kazakhstan,1993,Percent,Global monitoring data,6.53,1990-1994
Kenya,2005,Percent,Global monitoring data,33.6,2005-2009
Kenya,1997,Percent,Global monitoring data,21.5,1995-1999
Kenya,1994,Percent,Global monitoring data,18.84,1990-1994
Kenya,1992,Percent,Global monitoring data,23.08,1990-1994
Kiribati,2006,Percent,Global monitoring data,14.14,2005-2009
Kyrgyzstan,2012,Percent,Global monitoring data,2.91,2010-2014
Kyrgyzstan,2011,Percent,Global monitoring data,1.8,2010-2014
Kyrgyzstan,2010,Percent,Global monitoring data,3.96,2010-2014
Kyrgyzstan,2009,Percent,Global monitoring data,3.31,2005-2009
Kyrgyzstan,2008,Percent,Global monitoring data,3.47,2005-2009
Kyrgyzstan,2007,Percent,Global monitoring data,3.89,2005-2009
Kyrgyzstan,2006,Percent,Global monitoring data,15.65,2005-2009
Kyrgyzstan,2005,Percent,Global monitoring data,21.96,2005-2009
Kyrgyzstan,2004,Percent,Global monitoring data,13.59,2000-2004
Kyrgyzstan,2003,Percent,Global monitoring data,28.07,2000-2004
Kyrgyzstan,2002,Percent,Global monitoring data,34.35,2000-2004
Kyrgyzstan,2001,Percent,Global monitoring data,36.42,2000-2004
Kyrgyzstan,2000,Percent,Global monitoring data,42.21,2000-2004
Kyrgyzstan,1998,Percent,Global monitoring data,30.59,1995-1999
Kyrgyzstan,1993,Percent,Global monitoring data,44.31,1990-1994
Lao People's Democratic Republic,2012,Percent,Global monitoring data,29.95,2010-2014
Lao People's Democratic Republic,2007,Percent,Global monitoring data,36.3,2005-2009
Lao People's Democratic Republic,2002,Percent,Global monitoring data,42.73,2000-2004
Lao People's Democratic Republic,1997,Percent,Global monitoring data,46.76,1995-1999
Lao People's Democratic Republic,1992,Percent,Global monitoring data,42.61,1990-1994
Latvia,2012,Percent,Global monitoring data,1.38,2010-2014
Latvia,2011,Percent,Global monitoring data,1.31,2010-2014
Latvia,2010,Percent,Global monitoring data,1.92,2010-2014
Latvia,2009,Percent,Global monitoring data,0.29,2005-2009
Latvia,2008,Percent,Global monitoring data,0.03,2005-2009
Latvia,2007,Percent,Global monitoring data,0.02,2005-2009
Latvia,2006,Percent,Global monitoring data,1.25,2005-2009
Latvia,2005,Percent,Global monitoring data,2.74,2005-2009
Latvia,2004,Percent,Global monitoring data,0.26,2000-2004
Latvia,2003,Percent,Global monitoring data,0.56,2000-2004
Latvia,2002,Percent,Global monitoring data,0.65,2000-2004
Latvia,1998,Percent,Global monitoring data,10.12,1995-1999
Latvia,1997,Percent,Global monitoring data,9.65,1995-1999
Latvia,1996,Percent,Global monitoring data,1.57,1995-1999
Latvia,1995,Percent,Global monitoring data,0,1995-1999
Latvia,1993,Percent,Global monitoring data,0,1990-1994
Lesotho,2010,Percent,Global monitoring data,59.65,2010-2014
Lesotho,2002,Percent,Global monitoring data,61.31,2000-2004
Lesotho,1994,Percent,Global monitoring data,69.56,1990-1994
Liberia,2007,Percent,Global monitoring data,68.64,2005-2009
Lithuania,2012,Percent,Global monitoring data,1.03,2010-2014
Lithuania,2011,Percent,Global monitoring data,0.87,2010-2014
Lithuania,2010,Percent,Global monitoring data,1.71,2010-2014
Lithuania,2009,Percent,Global monitoring data,2.28,2005-2009
Lithuania,2008,Percent,Global monitoring data,0.15,2005-2009
Lithuania,2007,Percent,Global monitoring data,1.23,2005-2009
Lithuania,2006,Percent,Global monitoring data,1.55,2005-2009
Lithuania,2005,Percent,Global monitoring data,1.78,2005-2009
Lithuania,2004,Percent,Global monitoring data,0.11,2000-2004
Lithuania,2003,Percent,Global monitoring data,0.19,2000-2004
Lithuania,2002,Percent,Global monitoring data,0.51,2000-2004
Lithuania,2001,Percent,Global monitoring data,0.59,2000-2004
Lithuania,2000,Percent,Global monitoring data,0.3,2000-2004
Lithuania,1999,Percent,Global monitoring data,0.35,1995-1999
Lithuania,1998,Percent,Global monitoring data,0.32,1995-1999
Lithuania,1996,Percent,Global monitoring data,0,1995-1999
Lithuania,1993,Percent,Global monitoring data,6.97,1990-1994
Madagascar,2010,Percent,Global monitoring data,81.76,2010-2014
Madagascar,2005,Percent,Global monitoring data,74.06,2005-2009
Madagascar,2001,Percent,Global monitoring data,68.68,2000-2004
Madagascar,1999,Percent,Global monitoring data,64.13,1995-1999
Madagascar,1997,Percent,Global monitoring data,65.85,1995-1999
Madagascar,1993,Percent,Global monitoring data,69.36,1990-1994
Malawi,2010,Percent,Global monitoring data,70.91,2010-2014
Malawi,2004,Percent,Global monitoring data,73.63,2000-2004
Malawi,1997,Percent,Global monitoring data,63.63,1995-1999
Malaysia,2009,Percent,Global monitoring data,0.28,2005-2009
Malaysia,2007,Percent,Global monitoring data,0,2005-2009
Malaysia,2004,Percent,Global monitoring data,4.35,2000-2004
Malaysia,1997,Percent,Global monitoring data,0.4,1995-1999
Malaysia,1995,Percent,Global monitoring data,1.75,1995-1999
Malaysia,1992,Percent,Global monitoring data,1.26,1990-1994
Maldives,2009,Percent,Global monitoring data,5.59,2005-2009
Maldives,2004,Percent,Global monitoring data,2.36,2000-2004
Maldives,1998,Percent,Global monitoring data,24.05,1995-1999
Mali,2009,Percent,Global monitoring data,49.25,2005-2009
Mali,2006,Percent,Global monitoring data,50.58,2005-2009
Mali,2001,Percent,Global monitoring data,57.92,2000-2004
Mali,1994,Percent,Global monitoring data,84.88,1990-1994
Mauritania,2008,Percent,Global monitoring data,10.91,2005-2009
Mauritania,2004,Percent,Global monitoring data,14.39,2000-2004
Mauritania,2000,Percent,Global monitoring data,19.64,2000-2004
Mauritania,1995,Percent,Global monitoring data,20.62,1995-1999
Mauritania,1993,Percent,Global monitoring data,41.16,1990-1994
Mauritius,2012,Percent,Global monitoring data,0.53,2010-2014
Mauritius,2006,Percent,Global monitoring data,0.42,2005-2009
Mexico,2012,Percent,Global monitoring data,2.68,2010-2014
Mexico,2010,Percent,Global monitoring data,3.8,2010-2014
Mexico,2008,Percent,Global monitoring data,3.8,2005-2009
Mexico,2006,Percent,Global monitoring data,3.29,2005-2009
Mexico,2005,Percent,Global monitoring data,8.66,2005-2009
Mexico,2004,Percent,Global monitoring data,4.82,2000-2004
Mexico,2002,Percent,Global monitoring data,8.81,2000-2004
Mexico,2000,Percent,Global monitoring data,11,2000-2004
Mexico,1998,Percent,Global monitoring data,14.29,1995-1999
Mexico,1996,Percent,Global monitoring data,14.09,1995-1999
Mexico,1994,Percent,Global monitoring data,8.58,1990-1994
Mexico,1992,Percent,Global monitoring data,9.73,1990-1994
Micronesia (Federated States of),2000,Percent,Global monitoring data,50.37,2000-2004
Mongolia,2012,Percent,Global monitoring data,0.38,2010-2014
Mongolia,2011,Percent,Global monitoring data,0.57,2010-2014
Mongolia,2010,Percent,Global monitoring data,0.76,2010-2014
Mongolia,2007,Percent,Global monitoring data,1.34,2005-2009
Mongolia,2002,Percent,Global monitoring data,10.55,2000-2004
Mongolia,1998,Percent,Global monitoring data,26.92,1995-1999
Mongolia,1995,Percent,Global monitoring data,13.86,1995-1999
Montenegro,2013,Percent,Global monitoring data,1.69,2010-2014
Montenegro,2012,Percent,Global monitoring data,1.26,2010-2014
Montenegro,2011,Percent,Global monitoring data,0.21,2010-2014
Montenegro,2010,Percent,Global monitoring data,0,2010-2014
Montenegro,2009,Percent,Global monitoring data,0,2005-2009
Montenegro,2008,Percent,Global monitoring data,0.09,2005-2009
Montenegro,2007,Percent,Global monitoring data,0.37,2005-2009
Montenegro,2006,Percent,Global monitoring data,0.14,2005-2009
Montenegro,2005,Percent,Global monitoring data,0.25,2005-2009
Morocco,2007,Percent,Global monitoring data,3.12,2005-2009
Morocco,2000,Percent,Global monitoring data,6.18,2000-2004
Morocco,1998,Percent,Global monitoring data,7.4,1995-1999
Morocco,1990,Percent,Global monitoring data,2.81,1990-1994
Mozambique,2008,Percent,Global monitoring data,68.74,2005-2009
Mozambique,2002,Percent,Global monitoring data,80.36,2000-2004
Mozambique,1996,Percent,Global monitoring data,85.36,1995-1999
Namibia,2009,Percent,Global monitoring data,22.6,2005-2009
Namibia,2003,Percent,Global monitoring data,31.46,2000-2004
Namibia,1993,Percent,Global monitoring data,52.87,1990-1994
Nepal,2010,Percent,Global monitoring data,14.95,2010-2014
Nepal,2003,Percent,Global monitoring data,47.08,2000-2004
Nepal,1995,Percent,Global monitoring data,61.73,1995-1999
Nicaragua,2009,Percent,Global monitoring data,10.83,2005-2009
Nicaragua,2005,Percent,Global monitoring data,15.6,2005-2009
Nicaragua,2001,Percent,Global monitoring data,17.59,2000-2004
Nicaragua,1998,Percent,Global monitoring data,15.67,1995-1999
Nicaragua,1993,Percent,Global monitoring data,22.06,1990-1994
Niger,2011,Percent,Global monitoring data,50.34,2010-2014
Niger,2007,Percent,Global monitoring data,72.02,2005-2009
Niger,2005,Percent,Global monitoring data,74.93,2005-2009
Niger,1994,Percent,Global monitoring data,81.38,1990-1994
Niger,1992,Percent,Global monitoring data,78.19,1990-1994
Nigeria,2009,Percent,Global monitoring data,53.47,2005-2009
Nigeria,2003,Percent,Global monitoring data,53.46,2000-2004
Nigeria,1996,Percent,Global monitoring data,63.5,1995-1999
Nigeria,1992,Percent,Global monitoring data,57.06,1990-1994
Pakistan,2010,Percent,Global monitoring data,8.3,2010-2014
Pakistan,2007,Percent,Global monitoring data,13.25,2005-2009
Pakistan,2005,Percent,Global monitoring data,16.49,2005-2009
Pakistan,2004,Percent,Global monitoring data,18.05,2000-2004
Pakistan,2001,Percent,Global monitoring data,28.49,2000-2004
Pakistan,1998,Percent,Global monitoring data,23.44,1995-1999
Pakistan,1996,Percent,Global monitoring data,15.92,1995-1999
Pakistan,1990,Percent,Global monitoring data,58.96,1990-1994
Panama,2013,Percent,Global monitoring data,2.86,2010-2014
Panama,2012,Percent,Global monitoring data,4.41,2010-2014
Panama,2011,Percent,Global monitoring data,3.98,2010-2014
Panama,2010,Percent,Global monitoring data,4.57,2010-2014
Panama,2009,Percent,Global monitoring data,3.37,2005-2009
Panama,2008,Percent,Global monitoring data,5.49,2005-2009
Panama,2007,Percent,Global monitoring data,8.11,2005-2009
Panama,2006,Percent,Global monitoring data,10.99,2005-2009
Panama,2005,Percent,Global monitoring data,10.3,2005-2009
Panama,2004,Percent,Global monitoring data,10.76,2000-2004
Panama,2003,Percent,Global monitoring data,11.56,2000-2004
Panama,2002,Percent,Global monitoring data,11.93,2000-2004
Panama,2001,Percent,Global monitoring data,16.42,2000-2004
Panama,2000,Percent,Global monitoring data,14.68,2000-2004
Panama,1999,Percent,Global monitoring data,13.39,1995-1999
Panama,1998,Percent,Global monitoring data,15.16,1995-1999
Panama,1997,Percent,Global monitoring data,15.01,1995-1999
Panama,1995,Percent,Global monitoring data,16.28,1995-1999
Panama,1991,Percent,Global monitoring data,21.85,1990-1994
Papua New Guinea,2009,Percent,Global monitoring data,39.31,2005-2009
Papua New Guinea,1996,Percent,Global monitoring data,53.23,1995-1999
Paraguay,2013,Percent,Global monitoring data,2.19,2010-2014
Paraguay,2012,Percent,Global monitoring data,3.71,2010-2014
Paraguay,2011,Percent,Global monitoring data,5.47,2010-2014
Paraguay,2010,Percent,Global monitoring data,6.07,2010-2014
Paraguay,2009,Percent,Global monitoring data,6.44,2005-2009
Paraguay,2008,Percent,Global monitoring data,4.97,2005-2009
Paraguay,2007,Percent,Global monitoring data,8.51,2005-2009
Paraguay,2006,Percent,Global monitoring data,10.06,2005-2009
Paraguay,2005,Percent,Global monitoring data,6.95,2005-2009
Paraguay,2004,Percent,Global monitoring data,6.59,2000-2004
Paraguay,2003,Percent,Global monitoring data,8.97,2000-2004
Paraguay,2002,Percent,Global monitoring data,13.31,2000-2004
Paraguay,2001,Percent,Global monitoring data,9.07,2000-2004
Paraguay,1999,Percent,Global monitoring data,10.21,1995-1999
Paraguay,1997,Percent,Global monitoring data,10.55,1995-1999
Paraguay,1995,Percent,Global monitoring data,12.4,1995-1999
Paraguay,1990,Percent,Global monitoring data,1.19,1990-1994
Peru,2013,Percent,Global monitoring data,3.7,2010-2014
Peru,2012,Percent,Global monitoring data,4.13,2010-2014
Peru,2011,Percent,Global monitoring data,4.35,2010-2014
Peru,2010,Percent,Global monitoring data,4.74,2010-2014
Peru,2009,Percent,Global monitoring data,6.27,2005-2009
Peru,2008,Percent,Global monitoring data,7.94,2005-2009
Peru,2007,Percent,Global monitoring data,10.03,2005-2009
Peru,2006,Percent,Global monitoring data,12.39,2005-2009
Peru,2005,Percent,Global monitoring data,14.16,2005-2009
Peru,2004,Percent,Global monitoring data,12.22,2000-2004
Peru,2003,Percent,Global monitoring data,12.22,2000-2004
Peru,2002,Percent,Global monitoring data,15.14,2000-2004
Peru,2001,Percent,Global monitoring data,17.78,2000-2004
Peru,2000,Percent,Global monitoring data,16.5,2000-2004
Peru,1999,Percent,Global monitoring data,17.43,1995-1999
Peru,1998,Percent,Global monitoring data,16.4,1995-1999
Peru,1997,Percent,Global monitoring data,17.46,1995-1999
Peru,1994,Percent,Global monitoring data,14.46,1990-1994
Philippines,2012,Percent,Global monitoring data,13.11,2010-2014
Philippines,2009,Percent,Global monitoring data,11.98,2005-2009
Philippines,2006,Percent,Global monitoring data,16.45,2005-2009
Philippines,2003,Percent,Global monitoring data,16.84,2000-2004
Philippines,2000,Percent,Global monitoring data,18.41,2000-2004
Philippines,1997,Percent,Global monitoring data,17.65,1995-1999
Philippines,1994,Percent,Global monitoring data,25.03,1990-1994
Philippines,1991,Percent,Global monitoring data,27.47,1990-1994
Poland,2012,Percent,Global monitoring data,0.02,2010-2014
Poland,2011,Percent,Global monitoring data,0.02,2010-2014
Poland,2010,Percent,Global monitoring data,0,2010-2014
Poland,2009,Percent,Global monitoring data,0.02,2005-2009
Poland,2008,Percent,Global monitoring data,0.01,2005-2009
Poland,2007,Percent,Global monitoring data,0.03,2005-2009
Poland,2006,Percent,Global monitoring data,0.03,2005-2009
Poland,2005,Percent,Global monitoring data,0.95,2005-2009
Poland,2004,Percent,Global monitoring data,0.1,2000-2004
Poland,2003,Percent,Global monitoring data,0.05,2000-2004
Poland,2002,Percent,Global monitoring data,0.07,2000-2004
Poland,2001,Percent,Global monitoring data,0.08,2000-2004
Poland,2000,Percent,Global monitoring data,0.13,2000-2004
Poland,1999,Percent,Global monitoring data,0.06,1995-1999
Poland,1998,Percent,Global monitoring data,0.02,1995-1999
Poland,1996,Percent,Global monitoring data,2.57,1995-1999
Poland,1992,Percent,Global monitoring data,0.04,1990-1994
Republic of Moldova,2013,Percent,Global monitoring data,0.08,2010-2014
Republic of Moldova,2012,Percent,Global monitoring data,0.34,2010-2014
Republic of Moldova,2011,Percent,Global monitoring data,0.28,2010-2014
Republic of Moldova,2010,Percent,Global monitoring data,0.53,2010-2014
Republic of Moldova,2009,Percent,Global monitoring data,1.03,2005-2009
Republic of Moldova,2008,Percent,Global monitoring data,1.29,2005-2009
Republic of Moldova,2007,Percent,Global monitoring data,1.11,2005-2009
Republic of Moldova,2006,Percent,Global monitoring data,2.41,2005-2009
Republic of Moldova,2005,Percent,Global monitoring data,13.95,2005-2009
Republic of Moldova,2004,Percent,Global monitoring data,8.26,2000-2004
Republic of Moldova,2003,Percent,Global monitoring data,7.76,2000-2004
Republic of Moldova,2002,Percent,Global monitoring data,16.36,2000-2004
Republic of Moldova,2001,Percent,Global monitoring data,27.55,2000-2004
Republic of Moldova,2000,Percent,Global monitoring data,35.92,2000-2004
Republic of Moldova,1999,Percent,Global monitoring data,39.1,1995-1999
Republic of Moldova,1998,Percent,Global monitoring data,27.56,1995-1999
Republic of Moldova,1997,Percent,Global monitoring data,16.07,1995-1999
Republic of Moldova,1992,Percent,Global monitoring data,13.41,1990-1994
Romania,2012,Percent,Global monitoring data,0,2010-2014
Romania,2011,Percent,Global monitoring data,0,2010-2014
Romania,2010,Percent,Global monitoring data,0,2010-2014
Romania,2009,Percent,Global monitoring data,0,2005-2009
Romania,2008,Percent,Global monitoring data,0,2005-2009
Romania,2007,Percent,Global monitoring data,5.83,2005-2009
Romania,2006,Percent,Global monitoring data,7.3,2005-2009
Romania,2005,Percent,Global monitoring data,2.15,2005-2009
Romania,2004,Percent,Global monitoring data,2.84,2000-2004
Romania,2003,Percent,Global monitoring data,3.87,2000-2004
Romania,2002,Percent,Global monitoring data,5.4,2000-2004
Romania,2001,Percent,Global monitoring data,5.45,2000-2004
Romania,2000,Percent,Global monitoring data,7.54,2000-2004
Romania,1999,Percent,Global monitoring data,6.46,1995-1999
Romania,1998,Percent,Global monitoring data,0.03,1995-1999
Romania,1994,Percent,Global monitoring data,10.72,1990-1994
Romania,1992,Percent,Global monitoring data,0.62,1990-1994
Russian Federation,2012,Percent,Global monitoring data,0.04,2010-2014
Russian Federation,2011,Percent,Global monitoring data,0.08,2010-2014
Russian Federation,2010,Percent,Global monitoring data,0.15,2010-2014
Russian Federation,2009,Percent,Global monitoring data,0.04,2005-2009
Russian Federation,2008,Percent,Global monitoring data,0.07,2005-2009
Russian Federation,2007,Percent,Global monitoring data,0.2,2005-2009
Russian Federation,2006,Percent,Global monitoring data,0.54,2005-2009
Russian Federation,2005,Percent,Global monitoring data,0.66,2005-2009
Russian Federation,2004,Percent,Global monitoring data,0.89,2000-2004
Russian Federation,2003,Percent,Global monitoring data,1,2000-2004
Russian Federation,2002,Percent,Global monitoring data,0.7,2000-2004
Russian Federation,2001,Percent,Global monitoring data,1.24,2000-2004
Russian Federation,2000,Percent,Global monitoring data,2.25,2000-2004
Russian Federation,1999,Percent,Global monitoring data,3.4,1995-1999
Russian Federation,1998,Percent,Global monitoring data,1.7,1995-1999
Russian Federation,1997,Percent,Global monitoring data,1.13,1995-1999
Russian Federation,1996,Percent,Global monitoring data,3.6,1995-1999
Russian Federation,1993,Percent,Global monitoring data,2.37,1990-1994
Rwanda,2010,Percent,Global monitoring data,60.25,2010-2014
Rwanda,2005,Percent,Global monitoring data,68,2005-2009
Rwanda,2000,Percent,Global monitoring data,76.97,2000-2004
Saint Lucia,1995,Percent,Global monitoring data,35.83,1995-1999
Samoa,2008,Percent,Global monitoring data,0.83,2005-2009
Sao Tome and Principe,2010,Percent,Global monitoring data,33.89,2010-2014
Sao Tome and Principe,2000,Percent,Global monitoring data,29.51,2000-2004
Senegal,2011,Percent,Global monitoring data,37.98,2010-2014
Senegal,2005,Percent,Global monitoring data,37.58,2005-2009
Senegal,2001,Percent,Global monitoring data,48.58,2000-2004
Senegal,1994,Percent,Global monitoring data,56.78,1990-1994
Senegal,1991,Percent,Global monitoring data,67.97,1990-1994
Serbia,2010,Percent,Global monitoring data,0.1,2010-2014
Serbia,2009,Percent,Global monitoring data,0.12,2005-2009
Serbia,2008,Percent,Global monitoring data,0.07,2005-2009
Serbia,2007,Percent,Global monitoring data,0.35,2005-2009
Serbia,2006,Percent,Global monitoring data,0.47,2005-2009
Serbia,2005,Percent,Global monitoring data,1.08,2005-2009
Serbia,2004,Percent,Global monitoring data,0.87,2000-2004
Serbia,2003,Percent,Global monitoring data,0.47,2000-2004
Serbia,2002,Percent,Global monitoring data,0.34,2000-2004
Seychelles,2006,Percent,Global monitoring data,0.37,2005-2009
Seychelles,1999,Percent,Global monitoring data,0.58,1995-1999
Sierra Leone,2011,Percent,Global monitoring data,52.33,2010-2014
Sierra Leone,2003,Percent,Global monitoring data,58.59,2000-2004
Slovakia,2012,Percent,Global monitoring data,0.24,2010-2014
Slovakia,2011,Percent,Global monitoring data,0.36,2010-2014
Slovakia,2010,Percent,Global monitoring data,0.42,2010-2014
Slovakia,2009,Percent,Global monitoring data,0,2005-2009
Slovakia,2008,Percent,Global monitoring data,0,2005-2009
Slovakia,2007,Percent,Global monitoring data,0,2005-2009
Slovakia,2006,Percent,Global monitoring data,0,2005-2009
Slovakia,2005,Percent,Global monitoring data,0.05,2005-2009
Slovakia,2004,Percent,Global monitoring data,0.17,2000-2004
Slovakia,1996,Percent,Global monitoring data,0.52,1995-1999
Slovakia,1992,Percent,Global monitoring data,0,1990-1994
Slovenia,2012,Percent,Global monitoring data,0.03,2010-2014
Slovenia,2011,Percent,Global monitoring data,0,2010-2014
Slovenia,2010,Percent,Global monitoring data,0.01,2010-2014
Slovenia,2009,Percent,Global monitoring data,0.01,2005-2009
Slovenia,2008,Percent,Global monitoring data,0.01,2005-2009
Slovenia,2007,Percent,Global monitoring data,0.03,2005-2009
Slovenia,2006,Percent,Global monitoring data,0.06,2005-2009
Slovenia,2005,Percent,Global monitoring data,0.1,2005-2009
Slovenia,2004,Percent,Global monitoring data,0,2000-2004
Slovenia,2003,Percent,Global monitoring data,0,2000-2004
Slovenia,2002,Percent,Global monitoring data,0,2000-2004
Slovenia,1998,Percent,Global monitoring data,0.02,1995-1999
Slovenia,1993,Percent,Global monitoring data,0.05,1990-1994
Solomon Islands,2005,Percent,Global monitoring data,45.6,2005-2009
South Africa,2011,Percent,Global monitoring data,16.56,2010-2014
South Africa,2008,Percent,Global monitoring data,15.07,2005-2009
South Africa,2006,Percent,Global monitoring data,23.13,2005-2009
South Africa,2000,Percent,Global monitoring data,35.2,2000-2004
South Africa,1995,Percent,Global monitoring data,34.94,1995-1999
South Africa,1993,Percent,Global monitoring data,31.91,1990-1994
Sri Lanka,2012,Percent,Global monitoring data,1.69,2010-2014
Sri Lanka,2009,Percent,Global monitoring data,2.42,2005-2009
Sri Lanka,2006,Percent,Global monitoring data,3.77,2005-2009
Sri Lanka,2002,Percent,Global monitoring data,8.3,2000-2004
Sri Lanka,1995,Percent,Global monitoring data,8.85,1995-1999
Sri Lanka,1990,Percent,Global monitoring data,8.73,1990-1994
State of Palestine,2009,Percent,Global monitoring data,0.3,2005-2009
State of Palestine,2007,Percent,Global monitoring data,1.47,2005-2009
State of Palestine,2006,Percent,Global monitoring data,0.31,2005-2009
State of Palestine,2005,Percent,Global monitoring data,0.92,2005-2009
State of Palestine,2004,Percent,Global monitoring data,1.16,2000-2004
Sudan,2009,Percent,Global monitoring data,14.92,2005-2009
Suriname,1999,Percent,Global monitoring data,23.38,1995-1999
Swaziland,2009,Percent,Global monitoring data,42.03,2005-2009
Swaziland,2000,Percent,Global monitoring data,48.44,2000-2004
Swaziland,1994,Percent,Global monitoring data,81.66,1990-1994
Tajikistan,2009,Percent,Global monitoring data,4.74,2005-2009
Tajikistan,2007,Percent,Global monitoring data,10.35,2005-2009
Tajikistan,2004,Percent,Global monitoring data,15.43,2000-2004
Tajikistan,2003,Percent,Global monitoring data,30.87,2000-2004
Tajikistan,1999,Percent,Global monitoring data,54.32,1995-1999
Thailand,2012,Percent,Global monitoring data,0.06,2010-2014
Thailand,2011,Percent,Global monitoring data,0.04,2010-2014
Thailand,2010,Percent,Global monitoring data,0.14,2010-2014
Thailand,2009,Percent,Global monitoring data,0.17,2005-2009
Thailand,2008,Percent,Global monitoring data,0.15,2005-2009
Thailand,2007,Percent,Global monitoring data,0.34,2005-2009
Thailand,2006,Percent,Global monitoring data,0.69,2005-2009
Thailand,2004,Percent,Global monitoring data,0.75,2000-2004
Thailand,2002,Percent,Global monitoring data,1.14,2000-2004
Thailand,2000,Percent,Global monitoring data,2.55,2000-2004
Thailand,1999,Percent,Global monitoring data,2.54,1995-1999
Thailand,1998,Percent,Global monitoring data,1.5,1995-1999
Thailand,1996,Percent,Global monitoring data,2.25,1995-1999
Thailand,1994,Percent,Global monitoring data,3.19,1990-1994
Thailand,1992,Percent,Global monitoring data,6.65,1990-1994
Thailand,1990,Percent,Global monitoring data,9.37,1990-1994
The former Yugoslav Republic of Macedonia,2008,Percent,Global monitoring data,1.33,2005-2009
The former Yugoslav Republic of Macedonia,2006,Percent,Global monitoring data,2.66,2005-2009
The former Yugoslav Republic of Macedonia,2005,Percent,Global monitoring data,1.38,2005-2009
The former Yugoslav Republic of Macedonia,2004,Percent,Global monitoring data,1.35,2000-2004
The former Yugoslav Republic of Macedonia,2003,Percent,Global monitoring data,1.15,2000-2004
The former Yugoslav Republic of Macedonia,2002,Percent,Global monitoring data,1.31,2000-2004
The former Yugoslav Republic of Macedonia,2000,Percent,Global monitoring data,5.2,2000-2004
The former Yugoslav Republic of Macedonia,1998,Percent,Global monitoring data,0.8,1995-1999
Timor-Leste,2007,Percent,Global monitoring data,46.76,2005-2009
Timor-Leste,2001,Percent,Global monitoring data,44.22,2000-2004
Togo,2011,Percent,Global monitoring data,54.18,2010-2014
Togo,2006,Percent,Global monitoring data,55.55,2005-2009
Tonga,2009,Percent,Global monitoring data,1.09,2005-2009
Trinidad and Tobago,1992,Percent,Global monitoring data,3.41,1990-1994
Tunisia,2010,Percent,Global monitoring data,1.99,2010-2014
Tunisia,2005,Percent,Global monitoring data,3.09,2005-2009
Tunisia,2000,Percent,Global monitoring data,5.32,2000-2004
Tunisia,1995,Percent,Global monitoring data,10.86,1995-1999
Tunisia,1990,Percent,Global monitoring data,9.82,1990-1994
Turkey,2012,Percent,Global monitoring data,0.26,2010-2014
Turkey,2011,Percent,Global monitoring data,0.28,2010-2014
Turkey,2010,Percent,Global monitoring data,0.78,2010-2014
Turkey,2009,Percent,Global monitoring data,0.87,2005-2009
Turkey,2008,Percent,Global monitoring data,0.36,2005-2009
Turkey,2007,Percent,Global monitoring data,1.43,2005-2009
Turkey,2006,Percent,Global monitoring data,1.88,2005-2009
Turkey,2005,Percent,Global monitoring data,2.48,2005-2009
Turkey,2004,Percent,Global monitoring data,2.12,2000-2004
Turkey,2003,Percent,Global monitoring data,3.74,2000-2004
Turkey,2002,Percent,Global monitoring data,1.71,2000-2004
Turkey,1994,Percent,Global monitoring data,2.57,1990-1994
Turkmenistan,1998,Percent,Global monitoring data,42.26,1995-1999
Turkmenistan,1993,Percent,Global monitoring data,80.85,1990-1994
Uganda,2012,Percent,Global monitoring data,33.24,2010-2014
Uganda,2009,Percent,Global monitoring data,41.46,2005-2009
Uganda,2005,Percent,Global monitoring data,53.18,2005-2009
Uganda,2002,Percent,Global monitoring data,62.21,2000-2004
Uganda,1999,Percent,Global monitoring data,52.13,1995-1999
Uganda,1996,Percent,Global monitoring data,59.6,1995-1999
Uganda,1992,Percent,Global monitoring data,68.11,1990-1994
Ukraine,2013,Percent,Global monitoring data,0,2010-2014
Ukraine,2012,Percent,Global monitoring data,0,2010-2014
Ukraine,2011,Percent,Global monitoring data,0,2010-2014
Ukraine,2010,Percent,Global monitoring data,0,2010-2014
Ukraine,2009,Percent,Global monitoring data,0.07,2005-2009
Ukraine,2008,Percent,Global monitoring data,0.01,2005-2009
Ukraine,2007,Percent,Global monitoring data,0.04,2005-2009
Ukraine,2006,Percent,Global monitoring data,0.13,2005-2009
Ukraine,2005,Percent,Global monitoring data,0.26,2005-2009
Ukraine,2004,Percent,Global monitoring data,0.56,2000-2004
Ukraine,2003,Percent,Global monitoring data,0.63,2000-2004
Ukraine,2002,Percent,Global monitoring data,1.67,2000-2004
Ukraine,1999,Percent,Global monitoring data,8.26,1995-1999
Ukraine,1996,Percent,Global monitoring data,5.37,1995-1999
Ukraine,1995,Percent,Global monitoring data,5.38,1995-1999
Ukraine,1992,Percent,Global monitoring data,1.58,1990-1994
United Republic of Tanzania,2011,Percent,Global monitoring data,46.6,2010-2014
United Republic of Tanzania,2007,Percent,Global monitoring data,52.73,2005-2009
United Republic of Tanzania,2000,Percent,Global monitoring data,84.74,2000-2004
United Republic of Tanzania,1991,Percent,Global monitoring data,70.42,1990-1994
Uruguay,2013,Percent,Global monitoring data,0.34,2010-2014
Uruguay,2012,Percent,Global monitoring data,0.4,2010-2014
Uruguay,2011,Percent,Global monitoring data,0.32,2010-2014
Uruguay,2010,Percent,Global monitoring data,0.23,2010-2014
Uruguay,2009,Percent,Global monitoring data,0.34,2005-2009
Uruguay,2008,Percent,Global monitoring data,0.33,2005-2009
Uruguay,2007,Percent,Global monitoring data,0.61,2005-2009
Uruguay,2006,Percent,Global monitoring data,0.89,2005-2009
Uruguay,2005,Percent,Global monitoring data,1.54,2005-2009
Uruguay,2004,Percent,Global monitoring data,1.49,2000-2004
Uruguay,2003,Percent,Global monitoring data,1.31,2000-2004
Uruguay,2002,Percent,Global monitoring data,1.08,2000-2004
Uruguay,2001,Percent,Global monitoring data,0.75,2000-2004
Uruguay,2000,Percent,Global monitoring data,0.57,2000-2004
Uruguay,1998,Percent,Global monitoring data,0.9,1995-1999
Uruguay,1997,Percent,Global monitoring data,0.68,1995-1999
Uruguay,1996,Percent,Global monitoring data,0.81,1995-1999
Uruguay,1995,Percent,Global monitoring data,0.68,1995-1999
Uruguay,1992,Percent,Global monitoring data,0.45,1990-1994
Uzbekistan,2003,Percent,Global monitoring data,66.79,2000-2004
Uzbekistan,2002,Percent,Global monitoring data,65.57,2000-2004
Uzbekistan,2000,Percent,Global monitoring data,68.08,2000-2004
Uzbekistan,1998,Percent,Global monitoring data,45.47,1995-1999
Vanuatu,2010,Percent,Global monitoring data,15.36,2010-2014
Venezuela (Bolivarian Republic of),2006,Percent,Global monitoring data,9.24,2005-2009
Venezuela (Bolivarian Republic of),2005,Percent,Global monitoring data,17.01,2005-2009
Venezuela (Bolivarian Republic of),2004,Percent,Global monitoring data,17.46,2000-2004
Venezuela (Bolivarian Republic of),2003,Percent,Global monitoring data,20.03,2000-2004
Venezuela (Bolivarian Republic of),2002,Percent,Global monitoring data,16.03,2000-2004
Venezuela (Bolivarian Republic of),2001,Percent,Global monitoring data,9.59,2000-2004
Venezuela (Bolivarian Republic of),1999,Percent,Global monitoring data,10.16,1995-1999
Venezuela (Bolivarian Republic of),1998,Percent,Global monitoring data,11.44,1995-1999
Venezuela (Bolivarian Republic of),1995,Percent,Global monitoring data,8.56,1995-1999
Venezuela (Bolivarian Republic of),1992,Percent,Global monitoring data,4.31,1990-1994
Viet Nam,2012,Percent,Global monitoring data,3.23,2010-2014
Viet Nam,2010,Percent,Global monitoring data,4.78,2010-2014
Viet Nam,2008,Percent,Global monitoring data,16.17,2005-2009
Viet Nam,2006,Percent,Global monitoring data,22.01,2005-2009
Viet Nam,2004,Percent,Global monitoring data,27.12,2000-2004
Viet Nam,2002,Percent,Global monitoring data,38.78,2000-2004
Viet Nam,1998,Percent,Global monitoring data,34.79,1995-1999
Viet Nam,1992,Percent,Global monitoring data,49.21,1990-1994
Zambia,2010,Percent,Global monitoring data,64.43,2010-2014
Zambia,2006,Percent,Global monitoring data,60.46,2005-2009
Zambia,2004,Percent,Global monitoring data,56.69,2000-2004
Zambia,2002,Percent,Global monitoring data,49.44,2000-2004
Zambia,1998,Percent,Global monitoring data,42.14,1995-1999
Zambia,1996,Percent,Global monitoring data,41.76,1995-1999
Zambia,1993,Percent,Global monitoring data,54.54,1990-1994
Zambia,1991,Percent,Global monitoring data,54.05,1990-1994